"Business Name","Category","Email","Website","Email Body"
"mittendrin – Restaurant & Café","Restaurant","mail@mittendrin-in-berlin.de","https://www.mittendrin-in-berlin.de","Hallo mittendrin – Restaurant & Café-Team,

beim Recherchieren nach schönen Berliner Restaurants bin ich auf Sie aufmerksam geworden – tolles Konzept!

Als Webdesigner aus Berlin fällt mir auf, dass viele kleine Restaurants Websites haben, die auf dem Smartphone nicht mehr ganz zeitgemäß wirken. Das kostet täglich potenzielle Gäste.

Ich helfe Berliner Restaurants mit moderner Webpräsenz: übersichtliche Speisekarte, einfache Online-Reservierung, mobilfreundliches Design.

Kosten: ab €500–800 für ein vollständiges Redesign – einmalig, keine Monatsgebühren.

Hätten Sie Lust auf ein kurzes 15-Minuten-Gespräch? Antworten Sie einfach auf diese E-Mail.

Viele Grüße aus Berlin,
[DEIN NAME]"
"Cô Chu","Restaurant","hello@co-chu.de","https://co-chu.de","Hallo Cô Chu-Team,

beim Recherchieren nach schönen Berliner Restaurants bin ich auf Sie aufmerksam geworden – tolles Konzept!

Als Webdesigner aus Berlin fällt mir auf, dass viele kleine Restaurants Websites haben, die auf dem Smartphone nicht mehr ganz zeitgemäß wirken. Das kostet täglich potenzielle Gäste.

Ich helfe Berliner Restaurants mit moderner Webpräsenz: übersichtliche Speisekarte, einfache Online-Reservierung, mobilfreundliches Design.

Kosten: ab €500–800 für ein vollständiges Redesign – einmalig, keine Monatsgebühren.

Hätten Sie Lust auf ein kurzes 15-Minuten-Gespräch? Antworten Sie einfach auf diese E-Mail.

Viele Grüße aus Berlin,
[DEIN NAME]"
"KUCHI Restaurants","Restaurant","mail@kuchi.de","https://kuchi.de","Hallo KUCHI Restaurants-Team,

beim Recherchieren nach schönen Berliner Restaurants bin ich auf Sie aufmerksam geworden – tolles Konzept!

Als Webdesigner aus Berlin fällt mir auf, dass viele kleine Restaurants Websites haben, die auf dem Smartphone nicht mehr ganz zeitgemäß wirken. Das kostet täglich potenzielle Gäste.

Ich helfe Berliner Restaurants mit moderner Webpräsenz: übersichtliche Speisekarte, einfache Online-Reservierung, mobilfreundliches Design.

Kosten: ab €500–800 für ein vollständiges Redesign – einmalig, keine Monatsgebühren.

Hätten Sie Lust auf ein kurzes 15-Minuten-Gespräch? Antworten Sie einfach auf diese E-Mail.

Viele Grüße aus Berlin,
[DEIN NAME]"
"Maximilians Restaurant","Restaurant","info@maximilians-berlin.de","https://www.maximilians-berlin.de","Hallo Maximilians Restaurant-Team,

beim Recherchieren nach schönen Berliner Restaurants bin ich auf Sie aufmerksam geworden – tolles Konzept!

Als Webdesigner aus Berlin fällt mir auf, dass viele kleine Restaurants Websites haben, die auf dem Smartphone nicht mehr ganz zeitgemäß wirken. Das kostet täglich potenzielle Gäste.

Ich helfe Berliner Restaurants mit moderner Webpräsenz: übersichtliche Speisekarte, einfache Online-Reservierung, mobilfreundliches Design.

Kosten: ab €500–800 für ein vollständiges Redesign – einmalig, keine Monatsgebühren.

Hätten Sie Lust auf ein kurzes 15-Minuten-Gespräch? Antworten Sie einfach auf diese E-Mail.

Viele Grüße aus Berlin,
[DEIN NAME]"
"Restauration 1840","Restaurant","controlling@hm-restaurants.de","https://www.berlin-1840.de","Guten Tag Restauration 1840-Team,

ich bin Webdesigner aus Berlin und schaue mir gern an, wie sich lokale Gastronomiebetriebe online präsentieren.

Restauration 1840 macht auf mich einen tollen Eindruck – aber Ihre aktuelle Website hält mit der Qualität Ihres Angebots leider noch nicht ganz Schritt.

Eine frische, mobilfreundliche Website mit digitalem Menü und Reservierungsmöglichkeit kann da wirklich viel ausmachen.

Preis: ab €500–800 für ein Redesign, einmalig.

Haben Sie Interesse an einem kostenlosen 15-Minuten-Call? Schreiben Sie mir einfach zurück!

Herzliche Grüße,
[DEIN NAME]"
"FREA Restaurant","Restaurant","reservierung@frea.de","https://www.frea.de","Guten Tag FREA Restaurant-Team,

ich bin Webdesigner aus Berlin und schaue mir gern an, wie sich lokale Gastronomiebetriebe online präsentieren.

FREA Restaurant macht auf mich einen tollen Eindruck – aber Ihre aktuelle Website hält mit der Qualität Ihres Angebots leider noch nicht ganz Schritt.

Eine frische, mobilfreundliche Website mit digitalem Menü und Reservierungsmöglichkeit kann da wirklich viel ausmachen.

Preis: ab €500–800 für ein Redesign, einmalig.

Haben Sie Interesse an einem kostenlosen 15-Minuten-Call? Schreiben Sie mir einfach zurück!

Herzliche Grüße,
[DEIN NAME]"
"Ga Ya Ya","Restaurant","info@gayaya.de","https://www.gayaya.restaurant","Guten Tag Ga Ya Ya-Team,

ich bin Webdesigner aus Berlin und schaue mir gern an, wie sich lokale Gastronomiebetriebe online präsentieren.

Ga Ya Ya macht auf mich einen tollen Eindruck – aber Ihre aktuelle Website hält mit der Qualität Ihres Angebots leider noch nicht ganz Schritt.

Eine frische, mobilfreundliche Website mit digitalem Menü und Reservierungsmöglichkeit kann da wirklich viel ausmachen.

Preis: ab €500–800 für ein Redesign, einmalig.

Haben Sie Interesse an einem kostenlosen 15-Minuten-Call? Schreiben Sie mir einfach zurück!

Herzliche Grüße,
[DEIN NAME]"
"Jäger & Lustig","Restaurant","info@jaegerundlustig.de","https://jaegerundlustig.de","Guten Tag Jäger & Lustig-Team,

ich bin Webdesigner aus Berlin und schaue mir gern an, wie sich lokale Gastronomiebetriebe online präsentieren.

Jäger & Lustig macht auf mich einen tollen Eindruck – aber Ihre aktuelle Website hält mit der Qualität Ihres Angebots leider noch nicht ganz Schritt.

Eine frische, mobilfreundliche Website mit digitalem Menü und Reservierungsmöglichkeit kann da wirklich viel ausmachen.

Preis: ab €500–800 für ein Redesign, einmalig.

Haben Sie Interesse an einem kostenlosen 15-Minuten-Call? Schreiben Sie mir einfach zurück!

Herzliche Grüße,
[DEIN NAME]"
"3 Schwestern","Restaurant","info@3schwestern.com","https://www.3schwestern.com","Hallo 3 Schwestern-Team,

3 Schwestern ist mir beim Entdecken lokaler Berliner Gastronomiebetriebe aufgefallen – schöner Laden!

Ich bin Webdesigner in Berlin und helfe kleinen Betrieben dabei, online mehr Gäste zu gewinnen. Oft macht schon ein modernes, mobilfreundliches Design einen großen Unterschied.

Ein Redesign gibt es bei mir ab €500–800 – einmalig und transparent kalkuliert.

Hätten Sie kurz Zeit für ein 15-Minuten-Gespräch? Ich freue mich auf Ihre Antwort!

Mit freundlichen Grüßen aus Berlin,
[DEIN NAME]"
"Chay Village","Restaurant","info@chayvillage.de","https://www.chayvillage.de","Hallo Chay Village-Team,

Chay Village ist mir beim Entdecken lokaler Berliner Gastronomiebetriebe aufgefallen – schöner Laden!

Ich bin Webdesigner in Berlin und helfe kleinen Betrieben dabei, online mehr Gäste zu gewinnen. Oft macht schon ein modernes, mobilfreundliches Design einen großen Unterschied.

Ein Redesign gibt es bei mir ab €500–800 – einmalig und transparent kalkuliert.

Hätten Sie kurz Zeit für ein 15-Minuten-Gespräch? Ich freue mich auf Ihre Antwort!

Mit freundlichen Grüßen aus Berlin,
[DEIN NAME]"
"Makan Enak","Restaurant","info@anugerah.de","https://makanenak.de","Hallo Makan Enak-Team,

Makan Enak ist mir beim Entdecken lokaler Berliner Gastronomiebetriebe aufgefallen – schöner Laden!

Ich bin Webdesigner in Berlin und helfe kleinen Betrieben dabei, online mehr Gäste zu gewinnen. Oft macht schon ein modernes, mobilfreundliches Design einen großen Unterschied.

Ein Redesign gibt es bei mir ab €500–800 – einmalig und transparent kalkuliert.

Hätten Sie kurz Zeit für ein 15-Minuten-Gespräch? Ich freue mich auf Ihre Antwort!

Mit freundlichen Grüßen aus Berlin,
[DEIN NAME]"
"Malafemmena","Restaurant","info@malafemmena.restaurant","https://malafemmena.restaurant","Hallo Malafemmena-Team,

Malafemmena ist mir beim Entdecken lokaler Berliner Gastronomiebetriebe aufgefallen – schöner Laden!

Ich bin Webdesigner in Berlin und helfe kleinen Betrieben dabei, online mehr Gäste zu gewinnen. Oft macht schon ein modernes, mobilfreundliches Design einen großen Unterschied.

Ein Redesign gibt es bei mir ab €500–800 – einmalig und transparent kalkuliert.

Hätten Sie kurz Zeit für ein 15-Minuten-Gespräch? Ich freue mich auf Ihre Antwort!

Mit freundlichen Grüßen aus Berlin,
[DEIN NAME]"
"EINS44","Restaurant","info@eins44.com","https://www.eins44.com","Hallo EINS44-Team,

EINS44 ist mir beim Entdecken lokaler Berliner Gastronomiebetriebe aufgefallen – schöner Laden!

Ich bin Webdesigner in Berlin und helfe kleinen Betrieben dabei, online mehr Gäste zu gewinnen. Oft macht schon ein modernes, mobilfreundliches Design einen großen Unterschied.

Ein Redesign gibt es bei mir ab €500–800 – einmalig und transparent kalkuliert.

Hätten Sie kurz Zeit für ein 15-Minuten-Gespräch? Ich freue mich auf Ihre Antwort!

Mit freundlichen Grüßen aus Berlin,
[DEIN NAME]"
"Burro Unchained","Restaurant","tables@burro-unchained.com","https://www.burro-unchained.com","Hallo Burro Unchained-Team,

Burro Unchained ist mir beim Entdecken lokaler Berliner Gastronomiebetriebe aufgefallen – schöner Laden!

Ich bin Webdesigner in Berlin und helfe kleinen Betrieben dabei, online mehr Gäste zu gewinnen. Oft macht schon ein modernes, mobilfreundliches Design einen großen Unterschied.

Ein Redesign gibt es bei mir ab €500–800 – einmalig und transparent kalkuliert.

Hätten Sie kurz Zeit für ein 15-Minuten-Gespräch? Ich freue mich auf Ihre Antwort!

Mit freundlichen Grüßen aus Berlin,
[DEIN NAME]"
"FREA Bakery","Café","hello@freabakery.de","https://www.freabakery.de","Hallo FREA Bakery-Team,

Ihr Café ist mir beim Stöbern nach Berliner Lieblingsorten aufgefallen – eine wirklich einladende Adresse!

Als Webdesigner in Berlin frage ich mich allerdings: Strahlt Ihre Website dieselbe Gemütlichkeit aus wie Ihr Café selbst?

Ich helfe Berliner Cafés mit modernen Websites, die genauso einladen wie der Laden selbst – aktuelles Menü, stimmungsvolle Fotos, mobiles Design.

Kosten: ab €500–800 für ein Redesign.

Haben Sie Lust auf ein kurzes 15-Minuten-Gespräch? Einfach auf diese E-Mail antworten!

Herzliche Grüße aus Berlin,
[DEIN NAME]"
"Café Anna Blume","Café","info@cafe-anna-blume.de","https://cafe-anna-blume.de","Hallo Café Anna Blume-Team,

Ihr Café ist mir beim Stöbern nach Berliner Lieblingsorten aufgefallen – eine wirklich einladende Adresse!

Als Webdesigner in Berlin frage ich mich allerdings: Strahlt Ihre Website dieselbe Gemütlichkeit aus wie Ihr Café selbst?

Ich helfe Berliner Cafés mit modernen Websites, die genauso einladen wie der Laden selbst – aktuelles Menü, stimmungsvolle Fotos, mobiles Design.

Kosten: ab €500–800 für ein Redesign.

Haben Sie Lust auf ein kurzes 15-Minuten-Gespräch? Einfach auf diese E-Mail antworten!

Herzliche Grüße aus Berlin,
[DEIN NAME]"
"Café Chagall","Café","info@cafe-chagall.de","https://www.cafe-chagall.com","Hallo Café Chagall-Team,

Ihr Café ist mir beim Stöbern nach Berliner Lieblingsorten aufgefallen – eine wirklich einladende Adresse!

Als Webdesigner in Berlin frage ich mich allerdings: Strahlt Ihre Website dieselbe Gemütlichkeit aus wie Ihr Café selbst?

Ich helfe Berliner Cafés mit modernen Websites, die genauso einladen wie der Laden selbst – aktuelles Menü, stimmungsvolle Fotos, mobiles Design.

Kosten: ab €500–800 für ein Redesign.

Haben Sie Lust auf ein kurzes 15-Minuten-Gespräch? Einfach auf diese E-Mail antworten!

Herzliche Grüße aus Berlin,
[DEIN NAME]"
"Café Liebling","Café","hello@cafeliebling.berlin","https://www.cafeliebling.berlin","Hallo Café Liebling-Team,

Ihr Café ist mir beim Stöbern nach Berliner Lieblingsorten aufgefallen – eine wirklich einladende Adresse!

Als Webdesigner in Berlin frage ich mich allerdings: Strahlt Ihre Website dieselbe Gemütlichkeit aus wie Ihr Café selbst?

Ich helfe Berliner Cafés mit modernen Websites, die genauso einladen wie der Laden selbst – aktuelles Menü, stimmungsvolle Fotos, mobiles Design.

Kosten: ab €500–800 für ein Redesign.

Haben Sie Lust auf ein kurzes 15-Minuten-Gespräch? Einfach auf diese E-Mail antworten!

Herzliche Grüße aus Berlin,
[DEIN NAME]"
"Mo's Coffee","Café","info@moscoffee.de","https://www.moscoffee.de","Guten Tag Mo's Coffee-Team,

guter Kaffee verdient einen großartigen Auftritt – online wie offline.

Ich bin Webdesigner aus Berlin und helfe Cafés dabei, im Netz genauso gut rüberzukommen wie in echt. Ob Speisekarte, Öffnungszeiten oder Veranstaltungshinweise – eine moderne Website macht den Unterschied.

Berliner Cafés biete ich ein professionelles Website-Redesign ab €500–800 an – ohne Monatsgebühren.

Interesse an einem kurzen 15-Minuten-Call? Schreiben Sie mir einfach!

Viele Grüße,
[DEIN NAME]"
"KAFFEE.BAR","Café","info@kaffeebar.berlin","https://www.kaffeebar.berlin","Guten Tag KAFFEE.BAR-Team,

guter Kaffee verdient einen großartigen Auftritt – online wie offline.

Ich bin Webdesigner aus Berlin und helfe Cafés dabei, im Netz genauso gut rüberzukommen wie in echt. Ob Speisekarte, Öffnungszeiten oder Veranstaltungshinweise – eine moderne Website macht den Unterschied.

Berliner Cafés biete ich ein professionelles Website-Redesign ab €500–800 an – ohne Monatsgebühren.

Interesse an einem kurzen 15-Minuten-Call? Schreiben Sie mir einfach!

Viele Grüße,
[DEIN NAME]"
"Café Krone","Café","cafekroneberlin@gmail.com","https://www.krone-berlin.com","Guten Tag Café Krone-Team,

guter Kaffee verdient einen großartigen Auftritt – online wie offline.

Ich bin Webdesigner aus Berlin und helfe Cafés dabei, im Netz genauso gut rüberzukommen wie in echt. Ob Speisekarte, Öffnungszeiten oder Veranstaltungshinweise – eine moderne Website macht den Unterschied.

Berliner Cafés biete ich ein professionelles Website-Redesign ab €500–800 an – ohne Monatsgebühren.

Interesse an einem kurzen 15-Minuten-Call? Schreiben Sie mir einfach!

Viele Grüße,
[DEIN NAME]"
"Café Tiergarten","Café","mail@cafetiergarten.berlin","https://cafetiergarten.berlin","Guten Tag Café Tiergarten-Team,

guter Kaffee verdient einen großartigen Auftritt – online wie offline.

Ich bin Webdesigner aus Berlin und helfe Cafés dabei, im Netz genauso gut rüberzukommen wie in echt. Ob Speisekarte, Öffnungszeiten oder Veranstaltungshinweise – eine moderne Website macht den Unterschied.

Berliner Cafés biete ich ein professionelles Website-Redesign ab €500–800 an – ohne Monatsgebühren.

Interesse an einem kurzen 15-Minuten-Call? Schreiben Sie mir einfach!

Viele Grüße,
[DEIN NAME]"
"Café Berio","Café","post@berio-berlin.de","https://berio-berlin.de","Hallo Café Berio-Team,

Ihr Café hier in Berlin hat mich beim Recherchieren angesprochen – schöne Atmosphäre!

Ich bin Webdesigner in Berlin und schaue mir gern an, wie lokale Cafés online auftreten. Viele haben Websites, die dem Charme ihres Ladens leider noch nicht ganz gerecht werden.

Mit einem frischen Redesign können Sie online genauso viel Eindruck machen wie persönlich – ab €500–800, einmalig.

Kurzes 15-Minuten-Gespräch? Einfach antworten!

Mit freundlichen Grüßen aus Berlin,
[DEIN NAME]"
"Saaldeck Café & Bar","Café","mail@saaldeck.de","https://www.saaldeck.de","Hallo Saaldeck Café & Bar-Team,

Ihr Café hier in Berlin hat mich beim Recherchieren angesprochen – schöne Atmosphäre!

Ich bin Webdesigner in Berlin und schaue mir gern an, wie lokale Cafés online auftreten. Viele haben Websites, die dem Charme ihres Ladens leider noch nicht ganz gerecht werden.

Mit einem frischen Redesign können Sie online genauso viel Eindruck machen wie persönlich – ab €500–800, einmalig.

Kurzes 15-Minuten-Gespräch? Einfach antworten!

Mit freundlichen Grüßen aus Berlin,
[DEIN NAME]"
"Blume an der Hasenheide","Café","post@blumeberlin.de","https://blumeberlin.de","Hallo Blume an der Hasenheide-Team,

Ihr Café hier in Berlin hat mich beim Recherchieren angesprochen – schöne Atmosphäre!

Ich bin Webdesigner in Berlin und schaue mir gern an, wie lokale Cafés online auftreten. Viele haben Websites, die dem Charme ihres Ladens leider noch nicht ganz gerecht werden.

Mit einem frischen Redesign können Sie online genauso viel Eindruck machen wie persönlich – ab €500–800, einmalig.

Kurzes 15-Minuten-Gespräch? Einfach antworten!

Mit freundlichen Grüßen aus Berlin,
[DEIN NAME]"
"Blumental","Café","reservierungen@blumental-berlin.de","https://blumental-berlin.de","Hallo Blumental-Team,

Ihr Café hier in Berlin hat mich beim Recherchieren angesprochen – schöne Atmosphäre!

Ich bin Webdesigner in Berlin und schaue mir gern an, wie lokale Cafés online auftreten. Viele haben Websites, die dem Charme ihres Ladens leider noch nicht ganz gerecht werden.

Mit einem frischen Redesign können Sie online genauso viel Eindruck machen wie persönlich – ab €500–800, einmalig.

Kurzes 15-Minuten-Gespräch? Einfach antworten!

Mit freundlichen Grüßen aus Berlin,
[DEIN NAME]"
"em-style","Friseursalon","kontakt@em-style.de","https://www.em-style.de","Hallo em-style-Team,

Euer Salon ist mir beim Recherchieren aufgefallen – tolles Handwerk!

Ich bin Webdesigner in Berlin und frage mich: Können Eure Kunden direkt über Eure Website Termine buchen? Und macht die Seite auf dem Handy einen guten Eindruck?

Online-Terminbuchung, Foto-Galerie und ein modernes mobilfreundliches Design – das biete ich Friseursalons für ein Redesign ab €500–800.

Habt Ihr kurz Zeit für ein 15-Minuten-Gespräch? Antwortet einfach auf diese Mail!

Herzliche Grüße aus Berlin,
[DEIN NAME]"
"YAO Berlin","Friseursalon","info@yao-berlin.de","https://www.yao-berlin.de","Hallo YAO Berlin-Team,

Euer Salon ist mir beim Recherchieren aufgefallen – tolles Handwerk!

Ich bin Webdesigner in Berlin und frage mich: Können Eure Kunden direkt über Eure Website Termine buchen? Und macht die Seite auf dem Handy einen guten Eindruck?

Online-Terminbuchung, Foto-Galerie und ein modernes mobilfreundliches Design – das biete ich Friseursalons für ein Redesign ab €500–800.

Habt Ihr kurz Zeit für ein 15-Minuten-Gespräch? Antwortet einfach auf diese Mail!

Herzliche Grüße aus Berlin,
[DEIN NAME]"
"Kleinod Salon","Friseursalon","mail@kleinod-salon.de","https://www.kleinod-salon.de","Hallo Kleinod Salon-Team,

Euer Salon ist mir beim Recherchieren aufgefallen – tolles Handwerk!

Ich bin Webdesigner in Berlin und frage mich: Können Eure Kunden direkt über Eure Website Termine buchen? Und macht die Seite auf dem Handy einen guten Eindruck?

Online-Terminbuchung, Foto-Galerie und ein modernes mobilfreundliches Design – das biete ich Friseursalons für ein Redesign ab €500–800.

Habt Ihr kurz Zeit für ein 15-Minuten-Gespräch? Antwortet einfach auf diese Mail!

Herzliche Grüße aus Berlin,
[DEIN NAME]"
"FON Friseur Berlin","Friseursalon","info@fon-friseur.de","https://www.fon-friseur.de","Hallo FON Friseur Berlin-Team,

Euer Salon ist mir beim Recherchieren aufgefallen – tolles Handwerk!

Ich bin Webdesigner in Berlin und frage mich: Können Eure Kunden direkt über Eure Website Termine buchen? Und macht die Seite auf dem Handy einen guten Eindruck?

Online-Terminbuchung, Foto-Galerie und ein modernes mobilfreundliches Design – das biete ich Friseursalons für ein Redesign ab €500–800.

Habt Ihr kurz Zeit für ein 15-Minuten-Gespräch? Antwortet einfach auf diese Mail!

Herzliche Grüße aus Berlin,
[DEIN NAME]"
"Haarmacher","Friseursalon","team@haarmacher.com","https://www.haarmacher.com","Hallo Haarmacher-Team,

Euer Salon ist mir beim Recherchieren aufgefallen – tolles Handwerk!

Ich bin Webdesigner in Berlin und frage mich: Können Eure Kunden direkt über Eure Website Termine buchen? Und macht die Seite auf dem Handy einen guten Eindruck?

Online-Terminbuchung, Foto-Galerie und ein modernes mobilfreundliches Design – das biete ich Friseursalons für ein Redesign ab €500–800.

Habt Ihr kurz Zeit für ein 15-Minuten-Gespräch? Antwortet einfach auf diese Mail!

Herzliche Grüße aus Berlin,
[DEIN NAME]"
"Art Cut","Friseursalon","info@artcut.eu","https://www.artcut.eu","Guten Tag Art Cut-Team,

als Webdesigner aus Berlin schaue ich mir regelmäßig Friseur-Websites an – dabei bin ich auf Sie aufmerksam geworden.

Ihr Salon macht einen super Eindruck, doch Ihre Website könnte eine Auffrischung vertragen – besonders für mobile Nutzer ist das heute entscheidend.

Ich biete Berliner Friseursalons ein professionelles Redesign an: klares Design, Galerie, Online-Terminbuchung – ab €500–800.

Kurzes 15-Minuten-Gespräch? Einfach auf diese E-Mail antworten!

Mit freundlichen Grüßen,
[DEIN NAME]"
"Friseur Kristallglanz","Friseursalon","info@kristallglanz.com","https://www.kristallglanz.com","Guten Tag Friseur Kristallglanz-Team,

als Webdesigner aus Berlin schaue ich mir regelmäßig Friseur-Websites an – dabei bin ich auf Sie aufmerksam geworden.

Ihr Salon macht einen super Eindruck, doch Ihre Website könnte eine Auffrischung vertragen – besonders für mobile Nutzer ist das heute entscheidend.

Ich biete Berliner Friseursalons ein professionelles Redesign an: klares Design, Galerie, Online-Terminbuchung – ab €500–800.

Kurzes 15-Minuten-Gespräch? Einfach auf diese E-Mail antworten!

Mit freundlichen Grüßen,
[DEIN NAME]"
"van Baal Friseure","Friseursalon","info@van-baal-friseure.de","https://www.van-baal-friseure.de","Guten Tag van Baal Friseure-Team,

als Webdesigner aus Berlin schaue ich mir regelmäßig Friseur-Websites an – dabei bin ich auf Sie aufmerksam geworden.

Ihr Salon macht einen super Eindruck, doch Ihre Website könnte eine Auffrischung vertragen – besonders für mobile Nutzer ist das heute entscheidend.

Ich biete Berliner Friseursalons ein professionelles Redesign an: klares Design, Galerie, Online-Terminbuchung – ab €500–800.

Kurzes 15-Minuten-Gespräch? Einfach auf diese E-Mail antworten!

Mit freundlichen Grüßen,
[DEIN NAME]"
"Friseur Kopfkultur","Friseursalon","info@friseurkopfkultur-berlin.de","https://www.friseurkopfkultur-berlin.de","Guten Tag Friseur Kopfkultur-Team,

als Webdesigner aus Berlin schaue ich mir regelmäßig Friseur-Websites an – dabei bin ich auf Sie aufmerksam geworden.

Ihr Salon macht einen super Eindruck, doch Ihre Website könnte eine Auffrischung vertragen – besonders für mobile Nutzer ist das heute entscheidend.

Ich biete Berliner Friseursalons ein professionelles Redesign an: klares Design, Galerie, Online-Terminbuchung – ab €500–800.

Kurzes 15-Minuten-Gespräch? Einfach auf diese E-Mail antworten!

Mit freundlichen Grüßen,
[DEIN NAME]"
"HARMS Friseure Berlin","Friseursalon","info@harms-friseure-berlin.de","https://www.harms-friseure-berlin.de","Guten Tag HARMS Friseure Berlin-Team,

als Webdesigner aus Berlin schaue ich mir regelmäßig Friseur-Websites an – dabei bin ich auf Sie aufmerksam geworden.

Ihr Salon macht einen super Eindruck, doch Ihre Website könnte eine Auffrischung vertragen – besonders für mobile Nutzer ist das heute entscheidend.

Ich biete Berliner Friseursalons ein professionelles Redesign an: klares Design, Galerie, Online-Terminbuchung – ab €500–800.

Kurzes 15-Minuten-Gespräch? Einfach auf diese E-Mail antworten!

Mit freundlichen Grüßen,
[DEIN NAME]"
"Goldcut Friseure Weißensee","Friseursalon","info@goldcut-friseure.de","https://goldcut-friseure-weissensee.de","Hallo Goldcut Friseure Weißensee-Team,

Ihr Friseurladen in Berlin hat mich beim Recherchieren überzeugt – schöner Salon!

Eine Frage: Wirkt Ihre Website genauso einladend wie Ihr Geschäft? Viele Kunden googeln einen Friseur, bevor sie buchen. Mit einer modernen Seite mit Online-Terminbuchung lassen sich deutlich mehr Neukunden gewinnen.

Ein Redesign gibt es bei mir ab €500–800 – einmalig, klar und fair.

Ich würde mich über ein 15-Minuten-Gespräch freuen – einfach antworten!

Herzliche Grüße aus Berlin,
[DEIN NAME]"
"Haarstudio Yvonne","Friseursalon","info@haarstudio-yvonne.de","https://haarstudioyvonne.de","Hallo Haarstudio Yvonne-Team,

Ihr Friseurladen in Berlin hat mich beim Recherchieren überzeugt – schöner Salon!

Eine Frage: Wirkt Ihre Website genauso einladend wie Ihr Geschäft? Viele Kunden googeln einen Friseur, bevor sie buchen. Mit einer modernen Seite mit Online-Terminbuchung lassen sich deutlich mehr Neukunden gewinnen.

Ein Redesign gibt es bei mir ab €500–800 – einmalig, klar und fair.

Ich würde mich über ein 15-Minuten-Gespräch freuen – einfach antworten!

Herzliche Grüße aus Berlin,
[DEIN NAME]"
"Unique Friseursalon","Friseursalon","info@unique-friseur.de","http://www.unique-friseur.de","Hallo Unique Friseursalon-Team,

Ihr Friseurladen in Berlin hat mich beim Recherchieren überzeugt – schöner Salon!

Eine Frage: Wirkt Ihre Website genauso einladend wie Ihr Geschäft? Viele Kunden googeln einen Friseur, bevor sie buchen. Mit einer modernen Seite mit Online-Terminbuchung lassen sich deutlich mehr Neukunden gewinnen.

Ein Redesign gibt es bei mir ab €500–800 – einmalig, klar und fair.

Ich würde mich über ein 15-Minuten-Gespräch freuen – einfach antworten!

Herzliche Grüße aus Berlin,
[DEIN NAME]"
"Barbabella Berlin","Barbershop","manoman@barbabella.berlin","https://barbabella.berlin","Hey Barbabella Berlin-Team,

euer Barbershop in Berlin ist mir aufgefallen – cooler Laden!

Ich bin Webdesigner in Berlin und frage mich: Passt eure Website zum Vibe eures Shops?

Viele Barbershops haben Websites, die etwas angestaubt wirken. Ich mache das frisch – mit starkem Design, Online-Terminbuchung und guter Darstellung auf dem Handy.

Redesign ab €500–800 – einmalig.

Bock auf einen kurzen 15-Minuten-Call? Schreibt mir einfach zurück!

Grüße aus Berlin,
[DEIN NAME]"
"Barber Studio","Barbershop","info@barber.studio","https://barber.studio","Hey Barber Studio-Team,

euer Barbershop in Berlin ist mir aufgefallen – cooler Laden!

Ich bin Webdesigner in Berlin und frage mich: Passt eure Website zum Vibe eures Shops?

Viele Barbershops haben Websites, die etwas angestaubt wirken. Ich mache das frisch – mit starkem Design, Online-Terminbuchung und guter Darstellung auf dem Handy.

Redesign ab €500–800 – einmalig.

Bock auf einen kurzen 15-Minuten-Call? Schreibt mir einfach zurück!

Grüße aus Berlin,
[DEIN NAME]"
"BARBERLIN","Barbershop","info@barberlin.co","https://barberlin.co","Hey BARBERLIN-Team,

euer Barbershop in Berlin ist mir aufgefallen – cooler Laden!

Ich bin Webdesigner in Berlin und frage mich: Passt eure Website zum Vibe eures Shops?

Viele Barbershops haben Websites, die etwas angestaubt wirken. Ich mache das frisch – mit starkem Design, Online-Terminbuchung und guter Darstellung auf dem Handy.

Redesign ab €500–800 – einmalig.

Bock auf einen kurzen 15-Minuten-Call? Schreibt mir einfach zurück!

Grüße aus Berlin,
[DEIN NAME]"
"ROWDY Barbershop","Barbershop","info@gertrac.de","https://www.rowdy-barber.de","Hey ROWDY Barbershop-Team,

euer Barbershop in Berlin ist mir aufgefallen – cooler Laden!

Ich bin Webdesigner in Berlin und frage mich: Passt eure Website zum Vibe eures Shops?

Viele Barbershops haben Websites, die etwas angestaubt wirken. Ich mache das frisch – mit starkem Design, Online-Terminbuchung und guter Darstellung auf dem Handy.

Redesign ab €500–800 – einmalig.

Bock auf einen kurzen 15-Minuten-Call? Schreibt mir einfach zurück!

Grüße aus Berlin,
[DEIN NAME]"
"Barbers Berlin","Barbershop","info@berlin-barbers.com","https://berlin-barbers.com","Hallo Barbers Berlin-Team,

ich bin Webdesigner aus Berlin und spezialisiere mich auf lokale Geschäfte – dabei bin ich auf euren Barbershop gestoßen.

Der erste Eindruck online entscheidet oft, ob jemand bucht. Mit einer modernen Website mit Galerie und Online-Terminbuchung holt ihr mehr aus eurer Sichtbarkeit raus.

Angebot: Redesign ab €500–800, einmalig.

Habt ihr Zeit für einen 15-Minuten-Call? Einfach auf diese E-Mail antworten!

Herzliche Grüße aus Berlin,
[DEIN NAME]"
"Barber Shop Berlin","Barbershop","vahel77@live.de","https://www.barber-shop-berlin.de","Hallo Barber Shop Berlin-Team,

ich bin Webdesigner aus Berlin und spezialisiere mich auf lokale Geschäfte – dabei bin ich auf euren Barbershop gestoßen.

Der erste Eindruck online entscheidet oft, ob jemand bucht. Mit einer modernen Website mit Galerie und Online-Terminbuchung holt ihr mehr aus eurer Sichtbarkeit raus.

Angebot: Redesign ab €500–800, einmalig.

Habt ihr Zeit für einen 15-Minuten-Call? Einfach auf diese E-Mail antworten!

Herzliche Grüße aus Berlin,
[DEIN NAME]"
"Brothers Barbershop Berlin","Barbershop","brothers.barbershop.berlin@gmail.com","https://brothers-barbershop-berlin.business.site","Hallo Brothers Barbershop Berlin-Team,

ich bin Webdesigner aus Berlin und spezialisiere mich auf lokale Geschäfte – dabei bin ich auf euren Barbershop gestoßen.

Der erste Eindruck online entscheidet oft, ob jemand bucht. Mit einer modernen Website mit Galerie und Online-Terminbuchung holt ihr mehr aus eurer Sichtbarkeit raus.

Angebot: Redesign ab €500–800, einmalig.

Habt ihr Zeit für einen 15-Minuten-Call? Einfach auf diese E-Mail antworten!

Herzliche Grüße aus Berlin,
[DEIN NAME]"
"Barber Who Berlin","Barbershop","barberwhoberlin@gmail.com","https://barberwhoberlin.nearcut.de","Hallo Barber Who Berlin-Team,

ich bin Webdesigner aus Berlin und spezialisiere mich auf lokale Geschäfte – dabei bin ich auf euren Barbershop gestoßen.

Der erste Eindruck online entscheidet oft, ob jemand bucht. Mit einer modernen Website mit Galerie und Online-Terminbuchung holt ihr mehr aus eurer Sichtbarkeit raus.

Angebot: Redesign ab €500–800, einmalig.

Habt ihr Zeit für einen 15-Minuten-Call? Einfach auf diese E-Mail antworten!

Herzliche Grüße aus Berlin,
[DEIN NAME]"
"Ofelia Berlin","Boutique","ofeliaberlin@gmx.net","http://www.ofelia-berlin.de","Hallo Ofelia Berlin-Team,

Eure Boutique in Berlin ist mir aufgefallen – schöne Auswahl und tolles Konzept!

Als Webdesigner in Berlin frage ich mich: Spiegelt Eure Website Euren Stil genauso gut wider wie Euer Laden selbst?

Ich helfe Berliner Modeboutiquen mit stilvollen, modernen Online-Auftritten – übersichtlich, mobilfreundlich, ansprechend.

Redesign ab €500–800, einmalig.

Hätte ich kurz Euer Ohr für 15 Minuten? Antwortet einfach auf diese Mail!

Herzliche Grüße aus Berlin,
[DEIN NAME]"
"Per Donna","Boutique","info@perdonna-berlin.de","https://www.perdonna-berlin.de","Hallo Per Donna-Team,

Eure Boutique in Berlin ist mir aufgefallen – schöne Auswahl und tolles Konzept!

Als Webdesigner in Berlin frage ich mich: Spiegelt Eure Website Euren Stil genauso gut wider wie Euer Laden selbst?

Ich helfe Berliner Modeboutiquen mit stilvollen, modernen Online-Auftritten – übersichtlich, mobilfreundlich, ansprechend.

Redesign ab €500–800, einmalig.

Hätte ich kurz Euer Ohr für 15 Minuten? Antwortet einfach auf diese Mail!

Herzliche Grüße aus Berlin,
[DEIN NAME]"
"MOOI Berlin","Boutique","hallo@mooiberlin.com","https://mooiberlin.com","Hallo MOOI Berlin-Team,

Eure Boutique in Berlin ist mir aufgefallen – schöne Auswahl und tolles Konzept!

Als Webdesigner in Berlin frage ich mich: Spiegelt Eure Website Euren Stil genauso gut wider wie Euer Laden selbst?

Ich helfe Berliner Modeboutiquen mit stilvollen, modernen Online-Auftritten – übersichtlich, mobilfreundlich, ansprechend.

Redesign ab €500–800, einmalig.

Hätte ich kurz Euer Ohr für 15 Minuten? Antwortet einfach auf diese Mail!

Herzliche Grüße aus Berlin,
[DEIN NAME]"
"NOVeL Concept Store","Boutique","info@novelberlin.de","https://www.novelberlin.de","Guten Tag NOVeL Concept Store-Team,

gute Mode verdient eine gute Website – das ist meine Überzeugung als Berliner Webdesigner.

Beim Recherchieren bin ich auf NOVeL Concept Store gestoßen – toller Laden! Ich frage mich jedoch, ob Ihre aktuelle Website Ihren Kollektionen wirklich gerecht wird, besonders auf dem Smartphone.

Professionelles Website-Redesign für Berliner Boutiquen: elegantes Design, Produktgalerie, mobil optimiert – ab €500–800.

Interesse an einem 15-Minuten-Gespräch? Einfach antworten!

Mit freundlichen Grüßen,
[DEIN NAME]"
"Image Modeboutique","Boutique","mail@image-modeboutique.de","https://image-modeboutique.de","Guten Tag Image Modeboutique-Team,

gute Mode verdient eine gute Website – das ist meine Überzeugung als Berliner Webdesigner.

Beim Recherchieren bin ich auf Image Modeboutique gestoßen – toller Laden! Ich frage mich jedoch, ob Ihre aktuelle Website Ihren Kollektionen wirklich gerecht wird, besonders auf dem Smartphone.

Professionelles Website-Redesign für Berliner Boutiquen: elegantes Design, Produktgalerie, mobil optimiert – ab €500–800.

Interesse an einem 15-Minuten-Gespräch? Einfach antworten!

Mit freundlichen Grüßen,
[DEIN NAME]"
"MK-Mode","Boutique","info@mk-mode.de","https://www.mk-mode.de","Guten Tag MK-Mode-Team,

gute Mode verdient eine gute Website – das ist meine Überzeugung als Berliner Webdesigner.

Beim Recherchieren bin ich auf MK-Mode gestoßen – toller Laden! Ich frage mich jedoch, ob Ihre aktuelle Website Ihren Kollektionen wirklich gerecht wird, besonders auf dem Smartphone.

Professionelles Website-Redesign für Berliner Boutiquen: elegantes Design, Produktgalerie, mobil optimiert – ab €500–800.

Interesse an einem 15-Minuten-Gespräch? Einfach antworten!

Mit freundlichen Grüßen,
[DEIN NAME]"
"Broke + Schön","Boutique","hello@brokeberlin.de","https://brokeundschoen.de","Guten Tag Broke + Schön-Team,

gute Mode verdient eine gute Website – das ist meine Überzeugung als Berliner Webdesigner.

Beim Recherchieren bin ich auf Broke + Schön gestoßen – toller Laden! Ich frage mich jedoch, ob Ihre aktuelle Website Ihren Kollektionen wirklich gerecht wird, besonders auf dem Smartphone.

Professionelles Website-Redesign für Berliner Boutiquen: elegantes Design, Produktgalerie, mobil optimiert – ab €500–800.

Interesse an einem 15-Minuten-Gespräch? Einfach antworten!

Mit freundlichen Grüßen,
[DEIN NAME]"
"CrossFit Icke","Fitnessstudio","kontakt@crossfiticke.com","https://www.crossfiticke.com","Hallo CrossFit Icke-Team,

Euer Studio in Berlin macht einen starken Eindruck – genau das suchen Sportbegeisterte in der Stadt!

Ich frage mich: Können potenzielle Mitglieder Euren Kursplan und Eure Angebote einfach online finden und buchen?

Als Webdesigner in Berlin baue ich Fitness-Studios moderne Websites mit Kursübersicht, Online-Buchung und Trainer-Profilen – Redesign ab €500–800.

Kurzes 15-Minuten-Gespräch? Schreibt mir einfach!

Sportliche Grüße aus Berlin,
[DEIN NAME]"
"Green Gym Berlin","Fitnessstudio","info@greengymberlin.de","https://www.greengymberlin.de","Hallo Green Gym Berlin-Team,

Euer Studio in Berlin macht einen starken Eindruck – genau das suchen Sportbegeisterte in der Stadt!

Ich frage mich: Können potenzielle Mitglieder Euren Kursplan und Eure Angebote einfach online finden und buchen?

Als Webdesigner in Berlin baue ich Fitness-Studios moderne Websites mit Kursübersicht, Online-Buchung und Trainer-Profilen – Redesign ab €500–800.

Kurzes 15-Minuten-Gespräch? Schreibt mir einfach!

Sportliche Grüße aus Berlin,
[DEIN NAME]"
"MAKEDA Pilates Studio","Pilates Studio","info@makeda-pilates.de","https://www.makeda-pilates.de","Hallo MAKEDA Pilates Studio-Team,

Euer Studio in Berlin macht einen starken Eindruck – genau das suchen Sportbegeisterte in der Stadt!

Ich frage mich: Können potenzielle Mitglieder Euren Kursplan und Eure Angebote einfach online finden und buchen?

Als Webdesigner in Berlin baue ich Fitness-Studios moderne Websites mit Kursübersicht, Online-Buchung und Trainer-Profilen – Redesign ab €500–800.

Kurzes 15-Minuten-Gespräch? Schreibt mir einfach!

Sportliche Grüße aus Berlin,
[DEIN NAME]"
"Berlin Pilates Studio","Pilates Studio","info@berlinpilatesstudio.com","https://berlinpilatesstudio.com","Hallo Berlin Pilates Studio-Team,

Euer Studio in Berlin ist mir beim Recherchieren aufgefallen – eine tolle Adresse!

Frage: Findet Ihr auch genug neue Kursteilnehmer über Eure Website? Viele Studiowebsites sind nicht mobil optimiert oder wirken etwas veraltet.

Ich biete Berliner Studios ein modernes Redesign an: Kursplan, Online-Buchung, stimmungsvolle Darstellung – ab €500–800.

Interesse an einem 15-Minuten-Gespräch? Einfach antworten!

Herzliche Grüße aus Berlin,
[DEIN NAME]"
"Peace Yoga Berlin","Yoga Studio","info@peaceyoga.de","https://peaceyoga.de","Hallo Peace Yoga Berlin-Team,

Euer Studio in Berlin ist mir beim Recherchieren aufgefallen – eine tolle Adresse!

Frage: Findet Ihr auch genug neue Kursteilnehmer über Eure Website? Viele Studiowebsites sind nicht mobil optimiert oder wirken etwas veraltet.

Ich biete Berliner Studios ein modernes Redesign an: Kursplan, Online-Buchung, stimmungsvolle Darstellung – ab €500–800.

Interesse an einem 15-Minuten-Gespräch? Einfach antworten!

Herzliche Grüße aus Berlin,
[DEIN NAME]"
"Kreuzberg Yoga","Yoga Studio","info@kreuzbergyoga.de","https://www.kreuzbergyoga.de","Hallo Kreuzberg Yoga-Team,

Euer Studio in Berlin ist mir beim Recherchieren aufgefallen – eine tolle Adresse!

Frage: Findet Ihr auch genug neue Kursteilnehmer über Eure Website? Viele Studiowebsites sind nicht mobil optimiert oder wirken etwas veraltet.

Ich biete Berliner Studios ein modernes Redesign an: Kursplan, Online-Buchung, stimmungsvolle Darstellung – ab €500–800.

Interesse an einem 15-Minuten-Gespräch? Einfach antworten!

Herzliche Grüße aus Berlin,
[DEIN NAME]"
"Andreas Heumann Personal Training","Personal Trainer","andreas@heumann-personaltraining.berlin","https://heumann-personaltraining.berlin","Hallo Andreas Heumann Personal Training,

als Personal Trainer in Berlin lebt man von Empfehlungen – aber auch von der Online-Sichtbarkeit.

Ich bin Webdesigner aus Berlin und helfe Trainern dabei, online professionell aufzutreten und neue Klienten zu gewinnen: Leistungsübersicht, Erfolgsgeschichten, Kontaktformular.

Landing Page ab €350–500, vollständiges Redesign ab €500–800 – einmalig, ohne Monatsgebühren.

Hätten Sie Interesse an einem kurzen 15-Minuten-Gespräch? Einfach auf diese E-Mail antworten!

Herzliche Grüße aus Berlin,
[DEIN NAME]"
"Sportsfreund Grüner","Personal Trainer","kontakt@sportsfreund-berlin.de","https://www.sportsfreund-berlin.de","Hallo Sportsfreund Grüner,

als Personal Trainer in Berlin lebt man von Empfehlungen – aber auch von der Online-Sichtbarkeit.

Ich bin Webdesigner aus Berlin und helfe Trainern dabei, online professionell aufzutreten und neue Klienten zu gewinnen: Leistungsübersicht, Erfolgsgeschichten, Kontaktformular.

Landing Page ab €350–500, vollständiges Redesign ab €500–800 – einmalig, ohne Monatsgebühren.

Hätten Sie Interesse an einem kurzen 15-Minuten-Gespräch? Einfach auf diese E-Mail antworten!

Herzliche Grüße aus Berlin,
[DEIN NAME]"
"Berlin Personal Training","Personal Trainer","info@berlin-personal-training.de","https://www.berlin-personal-training.de","Hallo Berlin Personal Training,

als Personal Trainer in Berlin lebt man von Empfehlungen – aber auch von der Online-Sichtbarkeit.

Ich bin Webdesigner aus Berlin und helfe Trainern dabei, online professionell aufzutreten und neue Klienten zu gewinnen: Leistungsübersicht, Erfolgsgeschichten, Kontaktformular.

Landing Page ab €350–500, vollständiges Redesign ab €500–800 – einmalig, ohne Monatsgebühren.

Hätten Sie Interesse an einem kurzen 15-Minuten-Gespräch? Einfach auf diese E-Mail antworten!

Herzliche Grüße aus Berlin,
[DEIN NAME]"
"Beauty Nails Charlottenburg","Nagelstudio","beautynails80@gmail.com","https://beautynailscharlottenburg.de","Hallo Beauty Nails Charlottenburg-Team,

Euer Nagelstudio in Berlin ist mir aufgefallen – tolle Arbeit!

Ich frage mich: Können Eure Kunden direkt über Eure Website Termine buchen? Und macht die Seite auf dem Handy einen guten Eindruck?

Als Webdesigner in Berlin helfe ich Nagelstudios mit modernen Websites: Galerie, Preisliste, Online-Terminbuchung – ab €500–800.

Kurzes 15-Minuten-Gespräch? Einfach auf diese E-Mail antworten!

Herzliche Grüße aus Berlin,
[DEIN NAME]"
"Angel Nails Berlin","Nagelstudio","info@angelnailsonline.de","https://angelnailsonline.de","Hallo Angel Nails Berlin-Team,

Euer Nagelstudio in Berlin ist mir aufgefallen – tolle Arbeit!

Ich frage mich: Können Eure Kunden direkt über Eure Website Termine buchen? Und macht die Seite auf dem Handy einen guten Eindruck?

Als Webdesigner in Berlin helfe ich Nagelstudios mit modernen Websites: Galerie, Preisliste, Online-Terminbuchung – ab €500–800.

Kurzes 15-Minuten-Gespräch? Einfach auf diese E-Mail antworten!

Herzliche Grüße aus Berlin,
[DEIN NAME]"
"Hauptstadt Nails","Nagelstudio","info@hauptstadt-nails.de","https://hauptstadt-nails.de","Hallo Hauptstadt Nails-Team,

Euer Nagelstudio in Berlin ist mir aufgefallen – tolle Arbeit!

Ich frage mich: Können Eure Kunden direkt über Eure Website Termine buchen? Und macht die Seite auf dem Handy einen guten Eindruck?

Als Webdesigner in Berlin helfe ich Nagelstudios mit modernen Websites: Galerie, Preisliste, Online-Terminbuchung – ab €500–800.

Kurzes 15-Minuten-Gespräch? Einfach auf diese E-Mail antworten!

Herzliche Grüße aus Berlin,
[DEIN NAME]"
"Thanh Dat Nagelstudio","Nagelstudio","info@thanhdat-nagelstudio.de","https://www.thanhdat-nagelstudio.de","Hallo Thanh Dat Nagelstudio-Team,

Euer Nagelstudio in Berlin ist mir aufgefallen – tolle Arbeit!

Ich frage mich: Können Eure Kunden direkt über Eure Website Termine buchen? Und macht die Seite auf dem Handy einen guten Eindruck?

Als Webdesigner in Berlin helfe ich Nagelstudios mit modernen Websites: Galerie, Preisliste, Online-Terminbuchung – ab €500–800.

Kurzes 15-Minuten-Gespräch? Einfach auf diese E-Mail antworten!

Herzliche Grüße aus Berlin,
[DEIN NAME]"
"Nuclearabbit Tattoo Studio","Tattoo Studio","nuclearabbit.studio@gmail.com","https://www.nuclearabbit.com","Hey Nuclearabbit Tattoo Studio-Team,

euer Studio in Berlin ist mir aufgefallen – wirklich beeindruckendes Portfolio!

Ich bin Webdesigner aus Berlin und frage mich: Zeigt eure Website euer Können so, wie es verdient?

Tattoo-Kunden schauen sich online intensiv um, bevor sie buchen. Eine moderne Website mit Künstler-Galerie und Portfolio macht da einen Riesenunterschied.

Redesign ab €500–800, einmalig.

Bock auf einen kurzen 15-Minuten-Call? Schreibt mir einfach!

Grüße aus Berlin,
[DEIN NAME]"
"Kiezliner Tattoo Studio","Tattoo Studio","kiezliner.tattoo@gmail.com","https://kiezliner-tattoo.de","Hey Kiezliner Tattoo Studio-Team,

euer Studio in Berlin ist mir aufgefallen – wirklich beeindruckendes Portfolio!

Ich bin Webdesigner aus Berlin und frage mich: Zeigt eure Website euer Können so, wie es verdient?

Tattoo-Kunden schauen sich online intensiv um, bevor sie buchen. Eine moderne Website mit Künstler-Galerie und Portfolio macht da einen Riesenunterschied.

Redesign ab €500–800, einmalig.

Bock auf einen kurzen 15-Minuten-Call? Schreibt mir einfach!

Grüße aus Berlin,
[DEIN NAME]"
"Blut und Eisen Tattoo","Tattoo Studio","info@blutundeisen.de","https://blutundeisen.de","Hey Blut und Eisen Tattoo-Team,

euer Studio in Berlin ist mir aufgefallen – wirklich beeindruckendes Portfolio!

Ich bin Webdesigner aus Berlin und frage mich: Zeigt eure Website euer Können so, wie es verdient?

Tattoo-Kunden schauen sich online intensiv um, bevor sie buchen. Eine moderne Website mit Künstler-Galerie und Portfolio macht da einen Riesenunterschied.

Redesign ab €500–800, einmalig.

Bock auf einen kurzen 15-Minuten-Call? Schreibt mir einfach!

Grüße aus Berlin,
[DEIN NAME]"
"Selfmade Tattoo Berlin","Tattoo Studio","info@selfmade-tattoo.de","https://www.selfmade-tattoo.de","Hey Selfmade Tattoo Berlin-Team,

euer Studio in Berlin ist mir aufgefallen – wirklich beeindruckendes Portfolio!

Ich bin Webdesigner aus Berlin und frage mich: Zeigt eure Website euer Können so, wie es verdient?

Tattoo-Kunden schauen sich online intensiv um, bevor sie buchen. Eine moderne Website mit Künstler-Galerie und Portfolio macht da einen Riesenunterschied.

Redesign ab €500–800, einmalig.

Bock auf einen kurzen 15-Minuten-Call? Schreibt mir einfach!

Grüße aus Berlin,
[DEIN NAME]"
"Mugshot Tattoo","Tattoo Studio","hello@mugshot-tattoo.com","https://mugshot-tattoo.com","Hallo Mugshot Tattoo-Team,

als Webdesigner aus Berlin schaue ich mir regelmäßig Tattoo-Studio-Websites an – dabei bin ich auf euch gestoßen.

Eure Arbeit ist beeindruckend. Aber bekommt euer Online-Auftritt der Qualität eurer Kunst wirklich gerecht?

Eine moderne Tattoo-Website mit Portfolio, Künstlerprofilen und Buchungsmöglichkeit zieht genau die richtigen Kunden an – Redesign ab €500–800.

Kurzes 15-Minuten-Gespräch? Einfach antworten!

Herzliche Grüße aus Berlin,
[DEIN NAME]"
"CNX Tattoo & Piercing","Tattoo Studio","cnxtattoo@gmail.com","https://www.cnxtattoo.com","Hallo CNX Tattoo & Piercing-Team,

als Webdesigner aus Berlin schaue ich mir regelmäßig Tattoo-Studio-Websites an – dabei bin ich auf euch gestoßen.

Eure Arbeit ist beeindruckend. Aber bekommt euer Online-Auftritt der Qualität eurer Kunst wirklich gerecht?

Eine moderne Tattoo-Website mit Portfolio, Künstlerprofilen und Buchungsmöglichkeit zieht genau die richtigen Kunden an – Redesign ab €500–800.

Kurzes 15-Minuten-Gespräch? Einfach antworten!

Herzliche Grüße aus Berlin,
[DEIN NAME]"
"Tattoo Devil Berlin","Tattoo Studio","mail@tattoo-devil.de","https://www.tattoo-devil.de","Hallo Tattoo Devil Berlin-Team,

als Webdesigner aus Berlin schaue ich mir regelmäßig Tattoo-Studio-Websites an – dabei bin ich auf euch gestoßen.

Eure Arbeit ist beeindruckend. Aber bekommt euer Online-Auftritt der Qualität eurer Kunst wirklich gerecht?

Eine moderne Tattoo-Website mit Portfolio, Künstlerprofilen und Buchungsmöglichkeit zieht genau die richtigen Kunden an – Redesign ab €500–800.

Kurzes 15-Minuten-Gespräch? Einfach antworten!

Herzliche Grüße aus Berlin,
[DEIN NAME]"
"Tiba Tattoo Studio","Tattoo Studio","info@tibatattoo.de","https://www.tibatattoo.com","Hallo Tiba Tattoo Studio-Team,

als Webdesigner aus Berlin schaue ich mir regelmäßig Tattoo-Studio-Websites an – dabei bin ich auf euch gestoßen.

Eure Arbeit ist beeindruckend. Aber bekommt euer Online-Auftritt der Qualität eurer Kunst wirklich gerecht?

Eine moderne Tattoo-Website mit Portfolio, Künstlerprofilen und Buchungsmöglichkeit zieht genau die richtigen Kunden an – Redesign ab €500–800.

Kurzes 15-Minuten-Gespräch? Einfach antworten!

Herzliche Grüße aus Berlin,
[DEIN NAME]"
"LeseGlück","Buchhandlung","email@leseglueck-berlin.de","https://www.leseglueck-berlin.de","Hallo LeseGlück-Team,

Euer Buchladen in Berlin ist eine echte Bereicherung – solche unabhängigen Buchhandlungen braucht die Stadt!

Ich frage mich: Finden Leseratten Euch auch online gut genug? Viele kleine Buchläden haben Websites, die dem Charme ihres Ladens noch nicht ganz gerecht werden.

Als Webdesigner in Berlin helfe ich kleinen Händlern mit modernen Websites – Sortimentsübersicht, Öffnungszeiten, Veranstaltungshinweise.

Landing Page ab €350–500, Redesign ab €500–800.

Kurzes 15-Minuten-Gespräch? Einfach antworten!

Herzliche Grüße aus Berlin,
[DEIN NAME]"
"buch|bund","Buchhandlung","info@buchbund.de","https://buchbund.de","Hallo buch|bund-Team,

Euer Buchladen in Berlin ist eine echte Bereicherung – solche unabhängigen Buchhandlungen braucht die Stadt!

Ich frage mich: Finden Leseratten Euch auch online gut genug? Viele kleine Buchläden haben Websites, die dem Charme ihres Ladens noch nicht ganz gerecht werden.

Als Webdesigner in Berlin helfe ich kleinen Händlern mit modernen Websites – Sortimentsübersicht, Öffnungszeiten, Veranstaltungshinweise.

Landing Page ab €350–500, Redesign ab €500–800.

Kurzes 15-Minuten-Gespräch? Einfach antworten!

Herzliche Grüße aus Berlin,
[DEIN NAME]"
"Die Buchkönigin","Buchhandlung","hallo@buchkoenigin.de","https://www.buchkoenigin.de","Hallo Die Buchkönigin-Team,

Euer Buchladen in Berlin ist eine echte Bereicherung – solche unabhängigen Buchhandlungen braucht die Stadt!

Ich frage mich: Finden Leseratten Euch auch online gut genug? Viele kleine Buchläden haben Websites, die dem Charme ihres Ladens noch nicht ganz gerecht werden.

Als Webdesigner in Berlin helfe ich kleinen Händlern mit modernen Websites – Sortimentsübersicht, Öffnungszeiten, Veranstaltungshinweise.

Landing Page ab €350–500, Redesign ab €500–800.

Kurzes 15-Minuten-Gespräch? Einfach antworten!

Herzliche Grüße aus Berlin,
[DEIN NAME]"
"Spielzeugladen an der Kaisereiche","Spielzeugladen","sadk-berlin@gmx.de","https://www.sadk-berlin.de","Hallo Spielzeugladen an der Kaisereiche-Team,

Euer Spielzeugladen in Berlin ist mir aufgefallen – ein echter Schatz für Berliner Familien!

Ich bin Webdesigner aus Berlin und frage mich: Können Eltern Euer Sortiment und Eure Öffnungszeiten einfach online finden?

Viele kleine Läden haben Websites, die noch etwas Liebe brauchen – ich helfe gerne dabei.

Eine moderne, übersichtliche Website gibt es bei mir ab €350–500.

Kurzes 15-Minuten-Gespräch? Einfach auf diese E-Mail antworten!

Herzliche Grüße aus Berlin,
[DEIN NAME]"
"Blumenbett","Florist","info@blumenbett.de","https://www.blumenbett.de","Hallo Blumenbett-Team,

Euer Blumengeschäft in Berlin ist mir aufgefallen – wirklich schöne Arbeit!

Ich frage mich: Können Kunden Eure Arrangements und Angebote auch online bewundern und direkt anfragen?

Als Webdesigner in Berlin helfe ich kleinen Läden mit stimmungsvollen, modernen Websites: Galerie, Kontaktformular, mobiloptimiert.

Landing Page ab €350–500, Redesign ab €500–800 – einmalig.

Kurzes 15-Minuten-Gespräch gefällig? Schreibt mir einfach!

Herzliche Grüße aus Berlin,
[DEIN NAME]"
"Frau Rose Floristik","Florist","info@fraurose.de","https://www.fraurose.de","Hallo Frau Rose Floristik-Team,

Euer Blumengeschäft in Berlin ist mir aufgefallen – wirklich schöne Arbeit!

Ich frage mich: Können Kunden Eure Arrangements und Angebote auch online bewundern und direkt anfragen?

Als Webdesigner in Berlin helfe ich kleinen Läden mit stimmungsvollen, modernen Websites: Galerie, Kontaktformular, mobiloptimiert.

Landing Page ab €350–500, Redesign ab €500–800 – einmalig.

Kurzes 15-Minuten-Gespräch gefällig? Schreibt mir einfach!

Herzliche Grüße aus Berlin,
[DEIN NAME]"
"Kornblume Floristik","Florist","info@lindes-kornblume.de","https://www.lindes-kornblume.de","Hallo Kornblume Floristik-Team,

Euer Blumengeschäft in Berlin ist mir aufgefallen – wirklich schöne Arbeit!

Ich frage mich: Können Kunden Eure Arrangements und Angebote auch online bewundern und direkt anfragen?

Als Webdesigner in Berlin helfe ich kleinen Läden mit stimmungsvollen, modernen Websites: Galerie, Kontaktformular, mobiloptimiert.

Landing Page ab €350–500, Redesign ab €500–800 – einmalig.

Kurzes 15-Minuten-Gespräch gefällig? Schreibt mir einfach!

Herzliche Grüße aus Berlin,
[DEIN NAME]"
