Business Name,Category,Email,Website,Email Body
3 Schwestern,Restaurant,info@3schwestern.com,https://www.3schwestern.com,"Hallo 3 Schwestern-Team,

ich bin Webdesignerin und habe eure Seite aufgerufen – euer Restaurant in Berlin, das gefällt mir! Eine Sache: Das Design ist noch nicht vollständig für Smartphones optimiert, und gerade weil viele Berliner über ihr Handy suchen, kann das Kunden kosten.

Ein Redesign gibt's bei mir ab €500–800, fertig in 2 Wochen.

Hätte ich 15 Minuten für einen kostenlosen Kennenlern-Call? Einfach hier antworten!

Herzliche Grüße,
Ioana Laura Mocanu"
EINS44,Restaurant,info@eins44.com,https://www.eins44.com,"Hallo EINS44-Team,

ich bin neulich online auf euer Restaurant in Berlin gestoßen – wirklich beeindruckend! Beim Besuch eurer Website ist mir aufgefallen, dass das Design etwas in die Jahre gekommen ist und auf dem Smartphone nicht optimal aussieht.

In Berlin suchen über 70 % der Kunden über ihr Handy – eine moderne, mobiloptimierte Website kann täglich neue Kunden bringen.

Ich biete professionelle Redesigns ab €500–800 an, fertig in 1–2 Wochen.

Hätte ich 15 Minuten für ein kostenloses Erstgespräch? Einfach antworten – ich freue mich!

Herzliche Grüße aus Berlin,
Ioana Laura Mocanu"
NU Restaurant,Restaurant,info@nu-eat.de,https://www.nu-eat.de,"Hallo NU Restaurant,

ich bin in Berlin auf euer Restaurant aufmerksam geworden und habe sofort eure Website besucht. Das Konzept ist wirklich schön! Was mir aufgefallen ist: Das Design wirkt an manchen Stellen noch etwas veraltet – besonders auf dem Handy könnte es frischer und schneller sein.

In einer Stadt wie Berlin, wo Kunden täglich online suchen, ist eine moderne Website ein echter Vorteil.

Ich biete Redesigns ab €500–800 an – 2 Wochen Lieferzeit. 15 Minuten kostenloses Gespräch?

Einfach antworten – ich freue mich!

Viele Grüße aus Berlin,
Ioana Laura Mocanu"
Dicke Wirtin,Restaurant,post@dicke-wirtin.de,https://dicke-wirtin.de,"Hi Dicke Wirtin-Team,

ich habe euer Restaurant in Berlin entdeckt und direkt eure Website besucht – tolles Konzept! Mir ist aufgefallen, dass die Seite auf dem Handy noch nicht ganz ideal lädt und das Design etwas veraltet wirkt.

Da in Berlin fast alles über mobile Suche läuft, kann das potenzielle Neukunden kosten.

Ich biete schnelle, professionelle Redesigns ab €500–800 an – in 2 Wochen fertig und mobiloptimiert.

Habt ihr Lust auf 15 Minuten kostenlosen Call? Einfach antworten!

Viele Grüße aus Berlin,
Ioana Laura Mocanu"
Ausspanne,Restaurant,ausspanne@kastanienhof.berlin,https://www.deutsches-restaurant.berlin,"Hallo Ausspanne-Team,

ich bin Webdesignerin und habe eure Seite aufgerufen – euer Restaurant in Berlin, das gefällt mir! Eine Sache: Das Design ist noch nicht vollständig für Smartphones optimiert, und gerade weil viele Berliner über ihr Handy suchen, kann das Kunden kosten.

Ein Redesign gibt's bei mir ab €500–800, fertig in 2 Wochen.

Hätte ich 15 Minuten für einen kostenlosen Kennenlern-Call? Einfach hier antworten!

Herzliche Grüße,
Ioana Laura Mocanu"
Ong Cat,Restaurant,info@ongcat-berlin.de,https://www.ongcat-berlin.de,"Hallo Ong Cat-Team,

ich bin neulich online auf euer Restaurant in Berlin gestoßen – wirklich beeindruckend! Beim Besuch eurer Website ist mir aufgefallen, dass das Design etwas in die Jahre gekommen ist und auf dem Smartphone nicht optimal aussieht.

In Berlin suchen über 70 % der Kunden über ihr Handy – eine moderne, mobiloptimierte Website kann täglich neue Kunden bringen.

Ich biete professionelle Redesigns ab €500–800 an, fertig in 1–2 Wochen.

Hätte ich 15 Minuten für ein kostenloses Erstgespräch? Einfach antworten – ich freue mich!

Herzliche Grüße aus Berlin,
Ioana Laura Mocanu"
Vietland,Restaurant,info@vietland.de,https://vietland.de,"Hallo Vietland,

kurze Nachricht: Ich bin Webdesignerin und habe eure Seite angeschaut. Das Konzept ist wirklich sympathisch – aber das Design verdient ein frisches Update, vor allem für Handy-Nutzer in Berlin.

Ein modernes Redesign (ab €500–800, fertig in 2 Wochen) hilft euch, online mehr Kunden zu gewinnen.

Würdet ihr kurz 15 Minuten für ein kostenloses Erstgespräch einplanen? Einfach auf diese Mail antworten!

Liebe Grüße,
Ioana Laura Mocanu"
Café Anna Blume,Café,info@cafe-anna-blume.de,https://cafe-anna-blume.de,"Hallo Café Anna Blume-Team,

ich bin Webdesignerin und habe eure Seite aufgerufen – euer Café in Berlin, das gefällt mir! Eine Sache: Das Design ist noch nicht vollständig für Smartphones optimiert, und gerade weil viele Berliner über ihr Handy suchen, kann das Kunden kosten.

Ein Redesign gibt's bei mir ab €500–800, fertig in 2 Wochen.

Hätte ich 15 Minuten für einen kostenlosen Kennenlern-Call? Einfach hier antworten!

Herzliche Grüße,
Ioana Laura Mocanu"
Vilja Café,Café,kontakt@vilja-cafe.de,https://vilja-cafe.de,"Hallo Vilja Café-Team,

ich bin Webdesignerin und habe eure Seite aufgerufen – euer Café in Berlin, das gefällt mir! Eine Sache: Das Design ist noch nicht vollständig für Smartphones optimiert, und gerade weil viele Berliner über ihr Handy suchen, kann das Kunden kosten.

Ein Redesign gibt's bei mir ab €500–800, fertig in 2 Wochen.

Hätte ich 15 Minuten für einen kostenlosen Kennenlern-Call? Einfach hier antworten!

Herzliche Grüße,
Ioana Laura Mocanu"
Ataya Caffé,Café,info@atayacaffe.de,https://www.atayacaffe.de,"Hallo Ataya Caffé,

ich bin in Berlin auf euer Café aufmerksam geworden und habe sofort eure Website besucht. Das Konzept ist wirklich schön! Was mir aufgefallen ist: Das Design wirkt an manchen Stellen noch etwas veraltet – besonders auf dem Handy könnte es frischer und schneller sein.

In einer Stadt wie Berlin, wo Kunden täglich online suchen, ist eine moderne Website ein echter Vorteil.

Ich biete Redesigns ab €500–800 an – 2 Wochen Lieferzeit. 15 Minuten kostenloses Gespräch?

Einfach antworten – ich freue mich!

Viele Grüße aus Berlin,
Ioana Laura Mocanu"
Café Liebling,Café,hello@cafeliebling.berlin,https://www.cafeliebling.berlin,"Hallo Café Liebling-Team,

ich bin neulich online auf euer Café in Berlin gestoßen – wirklich beeindruckend! Beim Besuch eurer Website ist mir aufgefallen, dass das Design etwas in die Jahre gekommen ist und auf dem Smartphone nicht optimal aussieht.

In Berlin suchen über 70 % der Kunden über ihr Handy – eine moderne, mobiloptimierte Website kann täglich neue Kunden bringen.

Ich biete professionelle Redesigns ab €500–800 an, fertig in 1–2 Wochen.

Hätte ich 15 Minuten für ein kostenloses Erstgespräch? Einfach antworten – ich freue mich!

Herzliche Grüße aus Berlin,
Ioana Laura Mocanu"
Café ILOstan,Café,info@cafeilostan.de,https://cafeilostan.de,"Hallo Café ILOstan-Team,

ich bin neulich online auf euer Café in Berlin gestoßen – wirklich beeindruckend! Beim Besuch eurer Website ist mir aufgefallen, dass das Design etwas in die Jahre gekommen ist und auf dem Smartphone nicht optimal aussieht.

In Berlin suchen über 70 % der Kunden über ihr Handy – eine moderne, mobiloptimierte Website kann täglich neue Kunden bringen.

Ich biete professionelle Redesigns ab €500–800 an, fertig in 1–2 Wochen.

Hätte ich 15 Minuten für ein kostenloses Erstgespräch? Einfach antworten – ich freue mich!

Herzliche Grüße aus Berlin,
Ioana Laura Mocanu"
Saaldeck Café,Café,mail@saaldeck.de,https://www.saaldeck.de,"Hallo Saaldeck Café-Team,

ich bin neulich online auf euer Café in Berlin gestoßen – wirklich beeindruckend! Beim Besuch eurer Website ist mir aufgefallen, dass das Design etwas in die Jahre gekommen ist und auf dem Smartphone nicht optimal aussieht.

In Berlin suchen über 70 % der Kunden über ihr Handy – eine moderne, mobiloptimierte Website kann täglich neue Kunden bringen.

Ich biete professionelle Redesigns ab €500–800 an, fertig in 1–2 Wochen.

Hätte ich 15 Minuten für ein kostenloses Erstgespräch? Einfach antworten – ich freue mich!

Herzliche Grüße aus Berlin,
Ioana Laura Mocanu"
SowohlAlsAuch,Café,,https://www.sowohlalsauch.berlin,"Hallo SowohlAlsAuch-Team,

ich bin Webdesignerin und habe eure Seite aufgerufen – euer Café in Berlin, das gefällt mir! Eine Sache: Das Design ist noch nicht vollständig für Smartphones optimiert, und gerade weil viele Berliner über ihr Handy suchen, kann das Kunden kosten.

Ein Redesign gibt's bei mir ab €500–800, fertig in 2 Wochen.

Hätte ich 15 Minuten für einen kostenlosen Kennenlern-Call? Einfach hier antworten!

Herzliche Grüße,
Ioana Laura Mocanu"
Said Rubaii Hairstyling,Friseursalon,contact@saidrubaii.com,https://saidrubaii.com,"Hallo Said Rubaii Hairstyling,

ich bin in Berlin auf euren Friseursalon aufmerksam geworden und habe sofort eure Website besucht. Das Konzept ist wirklich schön! Was mir aufgefallen ist: Das Design wirkt an manchen Stellen noch etwas veraltet – besonders auf dem Handy könnte es frischer und schneller sein.

In einer Stadt wie Berlin, wo Kunden täglich online suchen, ist eine moderne Website ein echter Vorteil.

Ich biete Redesigns ab €500–800 an – 2 Wochen Lieferzeit. 15 Minuten kostenloses Gespräch?

Einfach antworten – ich freue mich!

Viele Grüße aus Berlin,
Ioana Laura Mocanu"
Der Friseur Charlottenburg,Friseursalon,info@der-friseur-charlottenburg.de,https://www.der-friseur-charlottenburg.de,"Hallo Der Friseur Charlottenburg,

kurze Nachricht: Ich bin Webdesignerin und habe eure Seite angeschaut. Das Konzept ist wirklich sympathisch – aber das Design verdient ein frisches Update, vor allem für Handy-Nutzer in Berlin.

Ein modernes Redesign (ab €500–800, fertig in 2 Wochen) hilft euch, online mehr Kunden zu gewinnen.

Würdet ihr kurz 15 Minuten für ein kostenloses Erstgespräch einplanen? Einfach auf diese Mail antworten!

Liebe Grüße,
Ioana Laura Mocanu"
Deine Lieblingsfriseure,Friseursalon,mail@lieblingsfriseure.de,https://lieblingsfriseure.de,"Hallo Deine Lieblingsfriseure,

kurze Nachricht: Ich bin Webdesignerin und habe eure Seite angeschaut. Das Konzept ist wirklich sympathisch – aber das Design verdient ein frisches Update, vor allem für Handy-Nutzer in Berlin.

Ein modernes Redesign (ab €500–800, fertig in 2 Wochen) hilft euch, online mehr Kunden zu gewinnen.

Würdet ihr kurz 15 Minuten für ein kostenloses Erstgespräch einplanen? Einfach auf diese Mail antworten!

Liebe Grüße,
Ioana Laura Mocanu"
Barbabella Berlin,Barbershop,manoman@barbabella.berlin,https://barbabella.berlin,"Hallo Barbabella Berlin,

ich bin in Berlin auf euren Barbershop aufmerksam geworden und habe sofort eure Website besucht. Das Konzept ist wirklich schön! Was mir aufgefallen ist: Das Design wirkt an manchen Stellen noch etwas veraltet – besonders auf dem Handy könnte es frischer und schneller sein.

In einer Stadt wie Berlin, wo Kunden täglich online suchen, ist eine moderne Website ein echter Vorteil.

Ich biete Redesigns ab €500–800 an – 2 Wochen Lieferzeit. 15 Minuten kostenloses Gespräch?

Einfach antworten – ich freue mich!

Viele Grüße aus Berlin,
Ioana Laura Mocanu"
MADO BarberShop,Barbershop,wael@mado-barbershop.com,https://mado-barbershop.com,"Hallo MADO BarberShop-Team,

ich bin Webdesignerin und habe eure Seite aufgerufen – euren Barbershop in Berlin, das gefällt mir! Eine Sache: Das Design ist noch nicht vollständig für Smartphones optimiert, und gerade weil viele Berliner über ihr Handy suchen, kann das Kunden kosten.

Ein Redesign gibt's bei mir ab €500–800, fertig in 2 Wochen.

Hätte ich 15 Minuten für einen kostenlosen Kennenlern-Call? Einfach hier antworten!

Herzliche Grüße,
Ioana Laura Mocanu"
The Blade Barbercraft,Barbershop,hello@theblade.berlin,https://theblade.berlin,"Hi The Blade Barbercraft-Team,

ich habe euren Barbershop in Berlin entdeckt und direkt eure Website besucht – tolles Konzept! Mir ist aufgefallen, dass die Seite auf dem Handy noch nicht ganz ideal lädt und das Design etwas veraltet wirkt.

Da in Berlin fast alles über mobile Suche läuft, kann das potenzielle Neukunden kosten.

Ich biete schnelle, professionelle Redesigns ab €500–800 an – in 2 Wochen fertig und mobiloptimiert.

Habt ihr Lust auf 15 Minuten kostenlosen Call? Einfach antworten!

Viele Grüße aus Berlin,
Ioana Laura Mocanu"
The Barber Yard,Barbershop,,https://barber-yard.com,"Hallo The Barber Yard,

ich bin in Berlin auf euren Barbershop aufmerksam geworden und habe sofort eure Website besucht. Das Konzept ist wirklich schön! Was mir aufgefallen ist: Das Design wirkt an manchen Stellen noch etwas veraltet – besonders auf dem Handy könnte es frischer und schneller sein.

In einer Stadt wie Berlin, wo Kunden täglich online suchen, ist eine moderne Website ein echter Vorteil.

Ich biete Redesigns ab €500–800 an – 2 Wochen Lieferzeit. 15 Minuten kostenloses Gespräch?

Einfach antworten – ich freue mich!

Viele Grüße aus Berlin,
Ioana Laura Mocanu"
Barber Shop Berlin,Barbershop,,https://www.barber-shop-berlin.de,"Hallo Barber Shop Berlin-Team,

ich bin neulich online auf euren Barbershop in Berlin gestoßen – wirklich beeindruckend! Beim Besuch eurer Website ist mir aufgefallen, dass das Design etwas in die Jahre gekommen ist und auf dem Smartphone nicht optimal aussieht.

In Berlin suchen über 70 % der Kunden über ihr Handy – eine moderne, mobiloptimierte Website kann täglich neue Kunden bringen.

Ich biete professionelle Redesigns ab €500–800 an, fertig in 1–2 Wochen.

Hätte ich 15 Minuten für ein kostenloses Erstgespräch? Einfach antworten – ich freue mich!

Herzliche Grüße aus Berlin,
Ioana Laura Mocanu"
Rotation Boutique,Boutique,post@rotation-boutique.de,https://rotation-boutique.de,"Hallo Rotation Boutique,

kurze Nachricht: Ich bin Webdesignerin und habe eure Seite angeschaut. Das Konzept ist wirklich sympathisch – aber das Design verdient ein frisches Update, vor allem für Handy-Nutzer in Berlin.

Ein modernes Redesign (ab €500–800, fertig in 2 Wochen) hilft euch, online mehr Kunden zu gewinnen.

Würdet ihr kurz 15 Minuten für ein kostenloses Erstgespräch einplanen? Einfach auf diese Mail antworten!

Liebe Grüße,
Ioana Laura Mocanu"
Fête de la Boutique,Boutique,hello@fetedelaboutique.com,https://www.fetedelaboutique.com,"Hallo Fête de la Boutique,

ich bin in Berlin auf eure Boutique aufmerksam geworden und habe sofort eure Website besucht. Das Konzept ist wirklich schön! Was mir aufgefallen ist: Das Design wirkt an manchen Stellen noch etwas veraltet – besonders auf dem Handy könnte es frischer und schneller sein.

In einer Stadt wie Berlin, wo Kunden täglich online suchen, ist eine moderne Website ein echter Vorteil.

Ich biete Redesigns ab €500–800 an – 2 Wochen Lieferzeit. 15 Minuten kostenloses Gespräch?

Einfach antworten – ich freue mich!

Viele Grüße aus Berlin,
Ioana Laura Mocanu"
WiDDA Berlin,Boutique,shop@widda-berlin.de,https://shop.widda-berlin.de,"Hi WiDDA Berlin-Team,

ich habe eure Boutique in Berlin entdeckt und direkt eure Website besucht – tolles Konzept! Mir ist aufgefallen, dass die Seite auf dem Handy noch nicht ganz ideal lädt und das Design etwas veraltet wirkt.

Da in Berlin fast alles über mobile Suche läuft, kann das potenzielle Neukunden kosten.

Ich biete schnelle, professionelle Redesigns ab €500–800 an – in 2 Wochen fertig und mobiloptimiert.

Habt ihr Lust auf 15 Minuten kostenlosen Call? Einfach antworten!

Viele Grüße aus Berlin,
Ioana Laura Mocanu"
ME AND ME Berlin,Boutique,,https://www.me-and-me-berlin.de,"Hallo ME AND ME Berlin,

ich bin in Berlin auf eure Boutique aufmerksam geworden und habe sofort eure Website besucht. Das Konzept ist wirklich schön! Was mir aufgefallen ist: Das Design wirkt an manchen Stellen noch etwas veraltet – besonders auf dem Handy könnte es frischer und schneller sein.

In einer Stadt wie Berlin, wo Kunden täglich online suchen, ist eine moderne Website ein echter Vorteil.

Ich biete Redesigns ab €500–800 an – 2 Wochen Lieferzeit. 15 Minuten kostenloses Gespräch?

Einfach antworten – ich freue mich!

Viele Grüße aus Berlin,
Ioana Laura Mocanu"
FitnessCenter aTB,Fitnessstudio,fitnesscenter@web.de,https://fitnesscenter-atb.com,"Hallo FitnessCenter aTB-Team,

ich bin neulich online auf euer Fitnessstudio in Berlin gestoßen – wirklich beeindruckend! Beim Besuch eurer Website ist mir aufgefallen, dass das Design etwas in die Jahre gekommen ist und auf dem Smartphone nicht optimal aussieht.

In Berlin suchen über 70 % der Kunden über ihr Handy – eine moderne, mobiloptimierte Website kann täglich neue Kunden bringen.

Ich biete professionelle Redesigns ab €500–800 an, fertig in 1–2 Wochen.

Hätte ich 15 Minuten für ein kostenloses Erstgespräch? Einfach antworten – ich freue mich!

Herzliche Grüße aus Berlin,
Ioana Laura Mocanu"
Das Fitness Atelier,Fitnessstudio,info@dasfitnessatelier.de,https://www.dasfitnessatelier.de,"Hallo Das Fitness Atelier,

kurze Nachricht: Ich bin Webdesignerin und habe eure Seite angeschaut. Das Konzept ist wirklich sympathisch – aber das Design verdient ein frisches Update, vor allem für Handy-Nutzer in Berlin.

Ein modernes Redesign (ab €500–800, fertig in 2 Wochen) hilft euch, online mehr Kunden zu gewinnen.

Würdet ihr kurz 15 Minuten für ein kostenloses Erstgespräch einplanen? Einfach auf diese Mail antworten!

Liebe Grüße,
Ioana Laura Mocanu"
Becycle Berlin,Fitnessstudio,info@becycle.de,https://www.becycle.de,"Hallo Becycle Berlin-Team,

ich bin neulich online auf euer Fitnessstudio in Berlin gestoßen – wirklich beeindruckend! Beim Besuch eurer Website ist mir aufgefallen, dass das Design etwas in die Jahre gekommen ist und auf dem Smartphone nicht optimal aussieht.

In Berlin suchen über 70 % der Kunden über ihr Handy – eine moderne, mobiloptimierte Website kann täglich neue Kunden bringen.

Ich biete professionelle Redesigns ab €500–800 an, fertig in 1–2 Wochen.

Hätte ich 15 Minuten für ein kostenloses Erstgespräch? Einfach antworten – ich freue mich!

Herzliche Grüße aus Berlin,
Ioana Laura Mocanu"
Das Trainingslager,Personal Trainer,info@dastrainingslager.de,https://dastrainingslager.de,"Hallo Das Trainingslager-Team,

ich bin neulich online auf euer Personal-Training-Angebot in Berlin gestoßen – wirklich beeindruckend! Beim Besuch eurer Website ist mir aufgefallen, dass das Design etwas in die Jahre gekommen ist und auf dem Smartphone nicht optimal aussieht.

In Berlin suchen über 70 % der Kunden über ihr Handy – eine moderne, mobiloptimierte Website kann täglich neue Kunden bringen.

Ich biete professionelle Redesigns ab €500–800 an, fertig in 1–2 Wochen.

Hätte ich 15 Minuten für ein kostenloses Erstgespräch? Einfach antworten – ich freue mich!

Herzliche Grüße aus Berlin,
Ioana Laura Mocanu"
Andreas Heumann Personal Training,Personal Trainer,,https://heumann-personaltraining.berlin,"Hi Andreas Heumann Personal Training-Team,

ich habe euer Personal-Training-Angebot in Berlin entdeckt und direkt eure Website besucht – tolles Konzept! Mir ist aufgefallen, dass die Seite auf dem Handy noch nicht ganz ideal lädt und das Design etwas veraltet wirkt.

Da in Berlin fast alles über mobile Suche läuft, kann das potenzielle Neukunden kosten.

Ich biete schnelle, professionelle Redesigns ab €500–800 an – in 2 Wochen fertig und mobiloptimiert.

Habt ihr Lust auf 15 Minuten kostenlosen Call? Einfach antworten!

Viele Grüße aus Berlin,
Ioana Laura Mocanu"
Berlin Personal Training,Personal Trainer,info@berlin-personal-training.de,https://www.berlin-personal-training.de,"Hallo Berlin Personal Training,

ich bin in Berlin auf euer Personal-Training-Angebot aufmerksam geworden und habe sofort eure Website besucht. Das Konzept ist wirklich schön! Was mir aufgefallen ist: Das Design wirkt an manchen Stellen noch etwas veraltet – besonders auf dem Handy könnte es frischer und schneller sein.

In einer Stadt wie Berlin, wo Kunden täglich online suchen, ist eine moderne Website ein echter Vorteil.

Ich biete Redesigns ab €500–800 an – 2 Wochen Lieferzeit. 15 Minuten kostenloses Gespräch?

Einfach antworten – ich freue mich!

Viele Grüße aus Berlin,
Ioana Laura Mocanu"
Mary aus Moabit,Personal Trainer,info@maryausmoabit.com,https://www.maryausmoabit.com,"Hi Mary aus Moabit-Team,

ich habe euer Personal-Training-Angebot in Berlin entdeckt und direkt eure Website besucht – tolles Konzept! Mir ist aufgefallen, dass die Seite auf dem Handy noch nicht ganz ideal lädt und das Design etwas veraltet wirkt.

Da in Berlin fast alles über mobile Suche läuft, kann das potenzielle Neukunden kosten.

Ich biete schnelle, professionelle Redesigns ab €500–800 an – in 2 Wochen fertig und mobiloptimiert.

Habt ihr Lust auf 15 Minuten kostenlosen Call? Einfach antworten!

Viele Grüße aus Berlin,
Ioana Laura Mocanu"
RYZZFIT Berlin,Personal Trainer,info@ryzzfit.com,https://ryzzfit.com,"Hi RYZZFIT Berlin-Team,

ich habe euer Personal-Training-Angebot in Berlin entdeckt und direkt eure Website besucht – tolles Konzept! Mir ist aufgefallen, dass die Seite auf dem Handy noch nicht ganz ideal lädt und das Design etwas veraltet wirkt.

Da in Berlin fast alles über mobile Suche läuft, kann das potenzielle Neukunden kosten.

Ich biete schnelle, professionelle Redesigns ab €500–800 an – in 2 Wochen fertig und mobiloptimiert.

Habt ihr Lust auf 15 Minuten kostenlosen Call? Einfach antworten!

Viele Grüße aus Berlin,
Ioana Laura Mocanu"
Angel Nails Berlin,Nagelstudio,info@angelnailsonline.de,https://myangelnails.de,"Hallo Angel Nails Berlin-Team,

ich bin neulich online auf euer Nagelstudio in Berlin gestoßen – wirklich beeindruckend! Beim Besuch eurer Website ist mir aufgefallen, dass das Design etwas in die Jahre gekommen ist und auf dem Smartphone nicht optimal aussieht.

In Berlin suchen über 70 % der Kunden über ihr Handy – eine moderne, mobiloptimierte Website kann täglich neue Kunden bringen.

Ich biete professionelle Redesigns ab €500–800 an, fertig in 1–2 Wochen.

Hätte ich 15 Minuten für ein kostenloses Erstgespräch? Einfach antworten – ich freue mich!

Herzliche Grüße aus Berlin,
Ioana Laura Mocanu"
Studio 358 Nails,Nagelstudio,hello@studio358.berlin,https://studio358.de,"Hallo Studio 358 Nails-Team,

ich bin neulich online auf euer Nagelstudio in Berlin gestoßen – wirklich beeindruckend! Beim Besuch eurer Website ist mir aufgefallen, dass das Design etwas in die Jahre gekommen ist und auf dem Smartphone nicht optimal aussieht.

In Berlin suchen über 70 % der Kunden über ihr Handy – eine moderne, mobiloptimierte Website kann täglich neue Kunden bringen.

Ich biete professionelle Redesigns ab €500–800 an, fertig in 1–2 Wochen.

Hätte ich 15 Minuten für ein kostenloses Erstgespräch? Einfach antworten – ich freue mich!

Herzliche Grüße aus Berlin,
Ioana Laura Mocanu"
Thanh Dat Nagelstudio,Nagelstudio,,https://www.thanhdat-nagelstudio.de,"Hallo Thanh Dat Nagelstudio,

ich bin in Berlin auf euer Nagelstudio aufmerksam geworden und habe sofort eure Website besucht. Das Konzept ist wirklich schön! Was mir aufgefallen ist: Das Design wirkt an manchen Stellen noch etwas veraltet – besonders auf dem Handy könnte es frischer und schneller sein.

In einer Stadt wie Berlin, wo Kunden täglich online suchen, ist eine moderne Website ein echter Vorteil.

Ich biete Redesigns ab €500–800 an – 2 Wochen Lieferzeit. 15 Minuten kostenloses Gespräch?

Einfach antworten – ich freue mich!

Viele Grüße aus Berlin,
Ioana Laura Mocanu"
Unique Nail Berlin,Nagelstudio,,https://www.unique-nail.com,"Hallo Unique Nail Berlin,

kurze Nachricht: Ich bin Webdesignerin und habe eure Seite angeschaut. Das Konzept ist wirklich sympathisch – aber das Design verdient ein frisches Update, vor allem für Handy-Nutzer in Berlin.

Ein modernes Redesign (ab €500–800, fertig in 2 Wochen) hilft euch, online mehr Kunden zu gewinnen.

Würdet ihr kurz 15 Minuten für ein kostenloses Erstgespräch einplanen? Einfach auf diese Mail antworten!

Liebe Grüße,
Ioana Laura Mocanu"
OMEN Tattoo Berlin,Tattoo Studio,info@omentattoo.de,https://omentattoo.de,"Hallo OMEN Tattoo Berlin,

ich bin in Berlin auf euer Tattoo-Studio aufmerksam geworden und habe sofort eure Website besucht. Das Konzept ist wirklich schön! Was mir aufgefallen ist: Das Design wirkt an manchen Stellen noch etwas veraltet – besonders auf dem Handy könnte es frischer und schneller sein.

In einer Stadt wie Berlin, wo Kunden täglich online suchen, ist eine moderne Website ein echter Vorteil.

Ich biete Redesigns ab €500–800 an – 2 Wochen Lieferzeit. 15 Minuten kostenloses Gespräch?

Einfach antworten – ich freue mich!

Viele Grüße aus Berlin,
Ioana Laura Mocanu"
Inklabs Tattoo Berlin,Tattoo Studio,info@inklabs.de,https://www.inklabs.de,"Hallo Inklabs Tattoo Berlin-Team,

ich bin Webdesignerin und habe eure Seite aufgerufen – euer Tattoo-Studio in Berlin, das gefällt mir! Eine Sache: Das Design ist noch nicht vollständig für Smartphones optimiert, und gerade weil viele Berliner über ihr Handy suchen, kann das Kunden kosten.

Ein Redesign gibt's bei mir ab €500–800, fertig in 2 Wochen.

Hätte ich 15 Minuten für einen kostenlosen Kennenlern-Call? Einfach hier antworten!

Herzliche Grüße,
Ioana Laura Mocanu"
Blut und Eisen Tattoo,Tattoo Studio,info@blutundeisen.de,https://blutundeisen.de,"Hi Blut und Eisen Tattoo-Team,

ich habe euer Tattoo-Studio in Berlin entdeckt und direkt eure Website besucht – tolles Konzept! Mir ist aufgefallen, dass die Seite auf dem Handy noch nicht ganz ideal lädt und das Design etwas veraltet wirkt.

Da in Berlin fast alles über mobile Suche läuft, kann das potenzielle Neukunden kosten.

Ich biete schnelle, professionelle Redesigns ab €500–800 an – in 2 Wochen fertig und mobiloptimiert.

Habt ihr Lust auf 15 Minuten kostenlosen Call? Einfach antworten!

Viele Grüße aus Berlin,
Ioana Laura Mocanu"
Mugshot Tattoo Berlin,Tattoo Studio,info@mugshot-tattoo.com,https://www.mugshot-tattoo.com,"Hi Mugshot Tattoo Berlin-Team,

ich habe euer Tattoo-Studio in Berlin entdeckt und direkt eure Website besucht – tolles Konzept! Mir ist aufgefallen, dass die Seite auf dem Handy noch nicht ganz ideal lädt und das Design etwas veraltet wirkt.

Da in Berlin fast alles über mobile Suche läuft, kann das potenzielle Neukunden kosten.

Ich biete schnelle, professionelle Redesigns ab €500–800 an – in 2 Wochen fertig und mobiloptimiert.

Habt ihr Lust auf 15 Minuten kostenlosen Call? Einfach antworten!

Viele Grüße aus Berlin,
Ioana Laura Mocanu"
R.S.V.P. Berlin,Einzelhandel,info@rsvp-berlin.de,https://rsvp-berlin.de,"Hallo R.S.V.P. Berlin-Team,

ich bin Webdesignerin und habe eure Seite aufgerufen – euren Laden in Berlin, das gefällt mir! Eine Sache: Das Design ist noch nicht vollständig für Smartphones optimiert, und gerade weil viele Berliner über ihr Handy suchen, kann das Kunden kosten.

Ein Redesign gibt's bei mir ab €500–800, fertig in 2 Wochen.

Hätte ich 15 Minuten für einen kostenlosen Kennenlern-Call? Einfach hier antworten!

Herzliche Grüße,
Ioana Laura Mocanu"
Sommernest Concept Store,Einzelhandel,info@sommernest.de,https://sommernest.de,"Hallo Sommernest Concept Store,

kurze Nachricht: Ich bin Webdesignerin und habe eure Seite angeschaut. Das Konzept ist wirklich sympathisch – aber das Design verdient ein frisches Update, vor allem für Handy-Nutzer in Berlin.

Ein modernes Redesign (ab €500–800, fertig in 2 Wochen) hilft euch, online mehr Kunden zu gewinnen.

Würdet ihr kurz 15 Minuten für ein kostenloses Erstgespräch einplanen? Einfach auf diese Mail antworten!

Liebe Grüße,
Ioana Laura Mocanu"
Die kleine Gesellschaft,Einzelhandel,info@kleinegesellschaft.de,https://kleinegesellschaft.com,"Hallo Die kleine Gesellschaft-Team,

ich bin neulich online auf euren Laden in Berlin gestoßen – wirklich beeindruckend! Beim Besuch eurer Website ist mir aufgefallen, dass das Design etwas in die Jahre gekommen ist und auf dem Smartphone nicht optimal aussieht.

In Berlin suchen über 70 % der Kunden über ihr Handy – eine moderne, mobiloptimierte Website kann täglich neue Kunden bringen.

Ich biete professionelle Redesigns ab €500–800 an, fertig in 1–2 Wochen.

Hätte ich 15 Minuten für ein kostenloses Erstgespräch? Einfach antworten – ich freue mich!

Herzliche Grüße aus Berlin,
Ioana Laura Mocanu"
Planty Skies Berlin,Einzelhandel,,https://www.plantyskies.com,"Hi Planty Skies Berlin-Team,

ich habe euren Laden in Berlin entdeckt und direkt eure Website besucht – tolles Konzept! Mir ist aufgefallen, dass die Seite auf dem Handy noch nicht ganz ideal lädt und das Design etwas veraltet wirkt.

Da in Berlin fast alles über mobile Suche läuft, kann das potenzielle Neukunden kosten.

Ich biete schnelle, professionelle Redesigns ab €500–800 an – in 2 Wochen fertig und mobiloptimiert.

Habt ihr Lust auf 15 Minuten kostenlosen Call? Einfach antworten!

Viele Grüße aus Berlin,
Ioana Laura Mocanu"
NOVeL Concept Store,Einzelhandel,support@novelberlin.de,https://www.novelberlin.de,"Hallo NOVeL Concept Store-Team,

ich bin Webdesignerin und habe eure Seite aufgerufen – euren Laden in Berlin, das gefällt mir! Eine Sache: Das Design ist noch nicht vollständig für Smartphones optimiert, und gerade weil viele Berliner über ihr Handy suchen, kann das Kunden kosten.

Ein Redesign gibt's bei mir ab €500–800, fertig in 2 Wochen.

Hätte ich 15 Minuten für einen kostenlosen Kennenlern-Call? Einfach hier antworten!

Herzliche Grüße,
Ioana Laura Mocanu"
das goodshaus,Einzelhandel,contact@goodshaus.com,https://www.goodshaus.com,"Hallo das goodshaus,

ich bin in Berlin auf euren Laden aufmerksam geworden und habe sofort eure Website besucht. Das Konzept ist wirklich schön! Was mir aufgefallen ist: Das Design wirkt an manchen Stellen noch etwas veraltet – besonders auf dem Handy könnte es frischer und schneller sein.

In einer Stadt wie Berlin, wo Kunden täglich online suchen, ist eine moderne Website ein echter Vorteil.

Ich biete Redesigns ab €500–800 an – 2 Wochen Lieferzeit. 15 Minuten kostenloses Gespräch?

Einfach antworten – ich freue mich!

Viele Grüße aus Berlin,
Ioana Laura Mocanu"
Kornblume Floristik,Einzelhandel,info@lindes-kornblume.de,https://www.lindes-kornblume.de,"Hallo Kornblume Floristik,

ich bin in Berlin auf euren Laden aufmerksam geworden und habe sofort eure Website besucht. Das Konzept ist wirklich schön! Was mir aufgefallen ist: Das Design wirkt an manchen Stellen noch etwas veraltet – besonders auf dem Handy könnte es frischer und schneller sein.

In einer Stadt wie Berlin, wo Kunden täglich online suchen, ist eine moderne Website ein echter Vorteil.

Ich biete Redesigns ab €500–800 an – 2 Wochen Lieferzeit. 15 Minuten kostenloses Gespräch?

Einfach antworten – ich freue mich!

Viele Grüße aus Berlin,
Ioana Laura Mocanu"
Frau Rose Floristik,Einzelhandel,info@fraurose.de,https://www.fraurose.de,"Hallo Frau Rose Floristik-Team,

ich bin Webdesignerin und habe eure Seite aufgerufen – euren Laden in Berlin, das gefällt mir! Eine Sache: Das Design ist noch nicht vollständig für Smartphones optimiert, und gerade weil viele Berliner über ihr Handy suchen, kann das Kunden kosten.

Ein Redesign gibt's bei mir ab €500–800, fertig in 2 Wochen.

Hätte ich 15 Minuten für einen kostenlosen Kennenlern-Call? Einfach hier antworten!

Herzliche Grüße,
Ioana Laura Mocanu"
Blumenbett Berlin,Einzelhandel,info@blumenbett.de,https://www.blumenbett.de,"Hallo Blumenbett Berlin,

ich bin in Berlin auf euren Laden aufmerksam geworden und habe sofort eure Website besucht. Das Konzept ist wirklich schön! Was mir aufgefallen ist: Das Design wirkt an manchen Stellen noch etwas veraltet – besonders auf dem Handy könnte es frischer und schneller sein.

In einer Stadt wie Berlin, wo Kunden täglich online suchen, ist eine moderne Website ein echter Vorteil.

Ich biete Redesigns ab €500–800 an – 2 Wochen Lieferzeit. 15 Minuten kostenloses Gespräch?

Einfach antworten – ich freue mich!

Viele Grüße aus Berlin,
Ioana Laura Mocanu"
